PurchaseMonthName,customers,revenue,avg_purchase,ratings,avg_rating,share_%
May,198,94174.14,511.82,137,3.08,9.43
Dec,194,97509.45,524.24,145,3.01,9.24
Jun,190,95018.68,524.97,139,3.02,9.05
Nov,184,93733.07,538.7,123,2.96,8.76
Apr,180,83810.32,490.12,131,2.92,8.57
Mar,173,86738.49,532.14,119,3.12,8.24
Jul,165,72941.15,453.05,117,3.18,7.86
Jan,164,77572.88,490.97,110,2.88,7.81
Feb,161,74941.22,493.03,121,3.02,7.67
Oct,141,70719.35,520.0,101,2.89,6.71
Aug,119,61325.82,515.34,89,3.11,5.67
,118,57615.66,509.87,79,3.33,5.62
Sep,113,55224.22,525.94,76,3.03,5.38
